Campaign,Ad Group,Keyword,Match Type,Status
LB | AF | Lewensdekking,Lewensdekking kwotasie,lewensdekking kwotasie,Phrase,Enabled
LB | AF | Lewensdekking,Lewensdekking kwotasie,lewensdekking kwotasie,Exact,Enabled
LB | AF | Lewensdekking,Lewensdekking kwotasie,lewensdekking kwotasies,Phrase,Enabled
LB | AF | Lewensdekking,Lewensdekking kwotasie,lewensdekking kwotasies,Exact,Enabled
LB | AF | Lewensdekking,Lewensdekking kwotasie,lewensversekering kwotasie,Phrase,Enabled
LB | AF | Lewensdekking,Lewensdekking kwotasie,lewensversekering kwotasie,Exact,Enabled
LB | AF | Lewensdekking,Lewensdekking kwotasie,lewensdekking pryse,Phrase,Enabled
LB | AF | Lewensdekking,Lewensdekking kwotasie,lewensdekking pryse,Exact,Enabled
LB | AF | Lewensdekking,Lewensdekking kwotasie,lewensversekering suid afrika,Phrase,Enabled
LB | AF | Lewensdekking,Lewensdekking kwotasie,lewensversekering suid afrika,Exact,Enabled
LB | AF | Lewensdekking,Lewensdekking kwotasie,goedkoop lewensdekking,Phrase,Enabled
LB | AF | Lewensdekking,Lewensdekking kwotasie,goedkoop lewensdekking,Exact,Enabled
LB | AF | Lewensdekking,Lewensdekking kwotasie,lewensdekking vergelyk,Phrase,Enabled
LB | AF | Lewensdekking,Lewensdekking kwotasie,lewensdekking vergelyk,Exact,Enabled
LB | AF | Lewensdekking,Lewensdekking kwotasie,beste lewensdekking,Phrase,Enabled
LB | AF | Lewensdekking,Lewensdekking kwotasie,beste lewensdekking,Exact,Enabled
LB | AF | Lewensdekking,Lewensdekking kwotasie,lewensdekking aanlyn,Phrase,Enabled
LB | AF | Lewensdekking,Lewensdekking kwotasie,lewensdekking aanlyn,Exact,Enabled
LB | AF | Lewensdekking,Lewensdekking kwotasie,hoeveel kos lewensdekking,Phrase,Enabled
LB | AF | Lewensdekking,Lewensdekking kwotasie,hoeveel kos lewensdekking,Exact,Enabled
LB | AF | Begrafnisdekking,Begrafnisdekking,begrafnisdekking,Phrase,Enabled
LB | AF | Begrafnisdekking,Begrafnisdekking,begrafnisdekking,Exact,Enabled
LB | AF | Begrafnisdekking,Begrafnisdekking,begrafnisdekking kwotasie,Phrase,Enabled
LB | AF | Begrafnisdekking,Begrafnisdekking,begrafnisdekking kwotasie,Exact,Enabled
LB | AF | Begrafnisdekking,Begrafnisdekking,begrafnispolis,Phrase,Enabled
LB | AF | Begrafnisdekking,Begrafnisdekking,begrafnispolis,Exact,Enabled
LB | AF | Begrafnisdekking,Begrafnisdekking,begrafnisversekering,Phrase,Enabled
LB | AF | Begrafnisdekking,Begrafnisdekking,begrafnisversekering,Exact,Enabled
LB | AF | Begrafnisdekking,Begrafnisdekking,goedkoop begrafnisdekking,Phrase,Enabled
LB | AF | Begrafnisdekking,Begrafnisdekking,goedkoop begrafnisdekking,Exact,Enabled
LB | AF | Begrafnisdekking,Begrafnisdekking,begrafnisdekking pryse,Phrase,Enabled
LB | AF | Begrafnisdekking,Begrafnisdekking,begrafnisdekking pryse,Exact,Enabled
LB | AF | Begrafnisdekking,Begrafnisdekking,begrafnisdekking vir ouers,Phrase,Enabled
LB | AF | Begrafnisdekking,Begrafnisdekking,begrafnisdekking vir ouers,Exact,Enabled
LB | AF | Begrafnisdekking,Begrafnisdekking,beste begrafnisdekking,Phrase,Enabled
LB | AF | Begrafnisdekking,Begrafnisdekking,beste begrafnisdekking,Exact,Enabled
LB | AF | Begrafnisdekking,Begrafnisdekking,begrafnisdekking vergelyk,Phrase,Enabled
LB | AF | Begrafnisdekking,Begrafnisdekking,begrafnisdekking vergelyk,Exact,Enabled
LB | AF | Begrafnisdekking,Begrafnisdekking,familie begrafnisdekking,Phrase,Enabled
LB | AF | Begrafnisdekking,Begrafnisdekking,familie begrafnisdekking,Exact,Enabled
LB | AF | Mediese Fonds,Mediese fonds vergelyk,mediese fonds vergelyk,Phrase,Enabled
LB | AF | Mediese Fonds,Mediese fonds vergelyk,mediese fonds vergelyk,Exact,Enabled
LB | AF | Mediese Fonds,Mediese fonds vergelyk,mediese fonds kwotasie,Phrase,Enabled
LB | AF | Mediese Fonds,Mediese fonds vergelyk,mediese fonds kwotasie,Exact,Enabled
LB | AF | Mediese Fonds,Mediese fonds vergelyk,mediese fonds pryse,Phrase,Enabled
LB | AF | Mediese Fonds,Mediese fonds vergelyk,mediese fonds pryse,Exact,Enabled
LB | AF | Mediese Fonds,Mediese fonds vergelyk,goedkoop mediese fonds,Phrase,Enabled
LB | AF | Mediese Fonds,Mediese fonds vergelyk,goedkoop mediese fonds,Exact,Enabled
LB | AF | Mediese Fonds,Mediese fonds vergelyk,beste mediese fonds,Phrase,Enabled
LB | AF | Mediese Fonds,Mediese fonds vergelyk,beste mediese fonds,Exact,Enabled
LB | AF | Mediese Fonds,Mediese fonds vergelyk,gapingsdekking,Phrase,Enabled
LB | AF | Mediese Fonds,Mediese fonds vergelyk,gapingsdekking,Exact,Enabled
LB | AF | Mediese Fonds,Mediese fonds vergelyk,gapingsdekking kwotasie,Phrase,Enabled
LB | AF | Mediese Fonds,Mediese fonds vergelyk,gapingsdekking kwotasie,Exact,Enabled
LB | AF | Mediese Fonds,Mediese fonds vergelyk,mediese fonds suid afrika,Phrase,Enabled
LB | AF | Mediese Fonds,Mediese fonds vergelyk,mediese fonds suid afrika,Exact,Enabled
LB | AF | Mediese Fonds,Mediese fonds vergelyk,mediese fonds opsies,Phrase,Enabled
LB | AF | Mediese Fonds,Mediese fonds vergelyk,mediese fonds opsies,Exact,Enabled
LB | AF | Mediese Fonds,Mediese fonds vergelyk,watter mediese fonds is beste,Phrase,Enabled
LB | AF | Mediese Fonds,Mediese fonds vergelyk,watter mediese fonds is beste,Exact,Enabled
LB | AF | Voertuigversekering,Voertuigversekering,voertuigversekering kwotasie,Phrase,Enabled
LB | AF | Voertuigversekering,Voertuigversekering,voertuigversekering kwotasie,Exact,Enabled
LB | AF | Voertuigversekering,Voertuigversekering,motorversekering kwotasie,Phrase,Enabled
LB | AF | Voertuigversekering,Voertuigversekering,motorversekering kwotasie,Exact,Enabled
LB | AF | Voertuigversekering,Voertuigversekering,goedkoop motorversekering,Phrase,Enabled
LB | AF | Voertuigversekering,Voertuigversekering,goedkoop motorversekering,Exact,Enabled
LB | AF | Voertuigversekering,Voertuigversekering,voertuigversekering vergelyk,Phrase,Enabled
LB | AF | Voertuigversekering,Voertuigversekering,voertuigversekering vergelyk,Exact,Enabled
LB | AF | Voertuigversekering,Voertuigversekering,huisversekering kwotasie,Phrase,Enabled
LB | AF | Voertuigversekering,Voertuigversekering,huisversekering kwotasie,Exact,Enabled
LB | AF | Voertuigversekering,Voertuigversekering,motor en huis versekering,Phrase,Enabled
LB | AF | Voertuigversekering,Voertuigversekering,motor en huis versekering,Exact,Enabled
LB | AF | Voertuigversekering,Voertuigversekering,korttermyn versekering kwotasie,Phrase,Enabled
LB | AF | Voertuigversekering,Voertuigversekering,korttermyn versekering kwotasie,Exact,Enabled
LB | AF | Voertuigversekering,Voertuigversekering,bakkie versekering,Phrase,Enabled
LB | AF | Voertuigversekering,Voertuigversekering,bakkie versekering,Exact,Enabled
LB | AF | Voertuigversekering,Voertuigversekering,voertuigversekering pryse,Phrase,Enabled
LB | AF | Voertuigversekering,Voertuigversekering,voertuigversekering pryse,Exact,Enabled
LB | EN | Long-tail Life Cover,How much cover,how much life cover do i need,Phrase,Enabled
LB | EN | Long-tail Life Cover,How much cover,how much life cover do i need,Exact,Enabled
LB | EN | Long-tail Life Cover,How much cover,how much life insurance do i need south africa,Phrase,Enabled
LB | EN | Long-tail Life Cover,How much cover,how much life insurance do i need south africa,Exact,Enabled
LB | EN | Long-tail Life Cover,How much cover,life cover calculator south africa,Phrase,Enabled
LB | EN | Long-tail Life Cover,How much cover,life cover calculator south africa,Exact,Enabled
LB | EN | Long-tail Life Cover,How much cover,life insurance calculator sa,Phrase,Enabled
LB | EN | Long-tail Life Cover,How much cover,life insurance calculator sa,Exact,Enabled
LB | EN | Long-tail Life Cover,How much cover,how much life cover should i have,Phrase,Enabled
LB | EN | Long-tail Life Cover,How much cover,how much life cover should i have,Exact,Enabled
LB | EN | Long-tail Life Cover,How much cover,calculate life cover needed,Phrase,Enabled
LB | EN | Long-tail Life Cover,How much cover,calculate life cover needed,Exact,Enabled
LB | EN | Long-tail Life Cover,How much cover,life cover amount calculator,Phrase,Enabled
LB | EN | Long-tail Life Cover,How much cover,life cover amount calculator,Exact,Enabled
LB | EN | Long-tail Life Cover,How much cover,how much cover for my family,Phrase,Enabled
LB | EN | Long-tail Life Cover,How much cover,how much cover for my family,Exact,Enabled
LB | EN | Medical Aid,Medical aid comparison,compare medical aid south africa,Phrase,Enabled
LB | EN | Medical Aid,Medical aid comparison,compare medical aid south africa,Exact,Enabled
LB | EN | Medical Aid,Medical aid comparison,medical aid quotes south africa,Phrase,Enabled
LB | EN | Medical Aid,Medical aid comparison,medical aid quotes south africa,Exact,Enabled
LB | EN | Medical Aid,Medical aid comparison,cheapest medical aid south africa,Phrase,Enabled
LB | EN | Medical Aid,Medical aid comparison,cheapest medical aid south africa,Exact,Enabled
LB | EN | Medical Aid,Medical aid comparison,gap cover quotes,Phrase,Enabled
LB | EN | Medical Aid,Medical aid comparison,gap cover quotes,Exact,Enabled
LB | EN | Medical Aid,Medical aid comparison,medical aid comparison,Phrase,Enabled
LB | EN | Medical Aid,Medical aid comparison,medical aid comparison,Exact,Enabled
LB | EN | Medical Aid,Medical aid comparison,which medical aid is best,Phrase,Enabled
LB | EN | Medical Aid,Medical aid comparison,which medical aid is best,Exact,Enabled
LB | EN | Medical Aid,Medical aid comparison,affordable medical aid sa,Phrase,Enabled
LB | EN | Medical Aid,Medical aid comparison,affordable medical aid sa,Exact,Enabled
LB | EN | Medical Aid,Medical aid comparison,medical aid broker near me,Phrase,Enabled
LB | EN | Medical Aid,Medical aid comparison,medical aid broker near me,Exact,Enabled