Campaign,Link Text,Description Line 1,Description Line 2,Final URL
LB | AF | Lewensdekking,Gratis Kwotasie,Geen verpligting nie,Ons bel jou terug,https://leadbron.co.za/kwotasie/lewensdekking
LB | AF | Lewensdekking,Dekking Sakrekenaar,Hoeveel dekking is genoeg?,Kry jou syfer gratis,https://leadbron.co.za/life-cover-calculator
LB | AF | Lewensdekking,Mediese Fonds,Vergelyk planne langs mekaar,Gratis advies,https://leadbron.co.za/kwotasie/mediese-fonds
LB | AF | Lewensdekking,Begrafnisdekking,Beskerm jou hele gesin,Bekostigbare opsies,https://leadbron.co.za/kwotasie/begrafnisdekking
LB | AF | Begrafnisdekking,Gratis Kwotasie,Geen verpligting nie,Ons bel jou terug,https://leadbron.co.za/kwotasie/lewensdekking
LB | AF | Begrafnisdekking,Dekking Sakrekenaar,Hoeveel dekking is genoeg?,Kry jou syfer gratis,https://leadbron.co.za/life-cover-calculator
LB | AF | Begrafnisdekking,Mediese Fonds,Vergelyk planne langs mekaar,Gratis advies,https://leadbron.co.za/kwotasie/mediese-fonds
LB | AF | Begrafnisdekking,Begrafnisdekking,Beskerm jou hele gesin,Bekostigbare opsies,https://leadbron.co.za/kwotasie/begrafnisdekking
LB | AF | Mediese Fonds,Gratis Kwotasie,Geen verpligting nie,Ons bel jou terug,https://leadbron.co.za/kwotasie/lewensdekking
LB | AF | Mediese Fonds,Dekking Sakrekenaar,Hoeveel dekking is genoeg?,Kry jou syfer gratis,https://leadbron.co.za/life-cover-calculator
LB | AF | Mediese Fonds,Mediese Fonds,Vergelyk planne langs mekaar,Gratis advies,https://leadbron.co.za/kwotasie/mediese-fonds
LB | AF | Mediese Fonds,Begrafnisdekking,Beskerm jou hele gesin,Bekostigbare opsies,https://leadbron.co.za/kwotasie/begrafnisdekking
LB | AF | Voertuigversekering,Gratis Kwotasie,Geen verpligting nie,Ons bel jou terug,https://leadbron.co.za/kwotasie/lewensdekking
LB | AF | Voertuigversekering,Dekking Sakrekenaar,Hoeveel dekking is genoeg?,Kry jou syfer gratis,https://leadbron.co.za/life-cover-calculator
LB | AF | Voertuigversekering,Mediese Fonds,Vergelyk planne langs mekaar,Gratis advies,https://leadbron.co.za/kwotasie/mediese-fonds
LB | AF | Voertuigversekering,Begrafnisdekking,Beskerm jou hele gesin,Bekostigbare opsies,https://leadbron.co.za/kwotasie/begrafnisdekking
LB | EN | Long-tail Life Cover,Gratis Kwotasie,Geen verpligting nie,Ons bel jou terug,https://leadbron.co.za/kwotasie/lewensdekking
LB | EN | Long-tail Life Cover,Dekking Sakrekenaar,Hoeveel dekking is genoeg?,Kry jou syfer gratis,https://leadbron.co.za/life-cover-calculator
LB | EN | Long-tail Life Cover,Mediese Fonds,Vergelyk planne langs mekaar,Gratis advies,https://leadbron.co.za/kwotasie/mediese-fonds
LB | EN | Long-tail Life Cover,Begrafnisdekking,Beskerm jou hele gesin,Bekostigbare opsies,https://leadbron.co.za/kwotasie/begrafnisdekking
LB | EN | Medical Aid,Gratis Kwotasie,Geen verpligting nie,Ons bel jou terug,https://leadbron.co.za/kwotasie/lewensdekking
LB | EN | Medical Aid,Dekking Sakrekenaar,Hoeveel dekking is genoeg?,Kry jou syfer gratis,https://leadbron.co.za/life-cover-calculator
LB | EN | Medical Aid,Mediese Fonds,Vergelyk planne langs mekaar,Gratis advies,https://leadbron.co.za/kwotasie/mediese-fonds
LB | EN | Medical Aid,Begrafnisdekking,Beskerm jou hele gesin,Bekostigbare opsies,https://leadbron.co.za/kwotasie/begrafnisdekking